Timestamp,Download_KBps,Upload_KBps,Ping_ms,Status
2026-03-24 18:44:06,11.7,17.15,177,MAUVAIS (Saturation/NAT)
2026-03-24 18:44:12,27.3,23.44,4,OPTIMAL (Direct)
2026-03-24 18:44:18,14.25,6.55,3,OPTIMAL (Direct)
2026-03-24 18:44:23,12.16,26.61,24,MOYEN (Congestion)
2026-03-24 18:44:29,92.83,5.32,8,OPTIMAL (Direct)
2026-03-24 18:44:35,4.54,12.87,4,OPTIMAL (Direct)
2026-03-24 18:44:41,1.43,0.12,999,MAUVAIS (Saturation/NAT)
2026-03-24 18:44:46,0.6,0.12,9,OPTIMAL (Direct)
2026-03-24 18:44:52,12.19,11.12,71,MOYEN (Congestion)
2026-03-24 18:44:58,11.41,28.69,999,MAUVAIS (Saturation/NAT)
2026-03-24 18:45:04,12.65,12.64,249,MAUVAIS (Saturation/NAT)
2026-03-24 18:45:10,88.52,17.94,92,MAUVAIS (Saturation/NAT)
2026-03-24 18:45:15,56.92,10.86,49,MOYEN (Congestion)
2026-03-24 18:45:21,143.61,5.01,999,MAUVAIS (Saturation/NAT)
2026-03-24 18:45:26,37.53,2.07,27,MOYEN (Congestion)
2026-03-24 18:45:32,16.66,1.42,5,OPTIMAL (Direct)
2026-03-24 18:45:38,10.61,5.76,92,MAUVAIS (Saturation/NAT)
2026-03-24 18:45:44,24.56,1.28,47,MOYEN (Congestion)
2026-03-24 18:45:49,94.59,4.6,68,MOYEN (Congestion)
2026-03-24 18:45:55,5.59,0.3,69,MOYEN (Congestion)
2026-03-24 18:46:01,57.18,1.98,21,MOYEN (Congestion)
2026-03-24 18:46:06,95.1,2.48,29,MOYEN (Congestion)
2026-03-24 18:46:12,84.31,3.26,17,OPTIMAL (Direct)
2026-03-24 18:46:18,196.43,7.25,32,MOYEN (Congestion)
2026-03-24 18:46:23,17.78,2.91,48,MOYEN (Congestion)
2026-03-24 18:46:29,77.98,20.51,86,MAUVAIS (Saturation/NAT)
2026-03-24 18:46:36,189.97,21.33,123,MAUVAIS (Saturation/NAT)
2026-03-24 18:46:41,72.44,12.56,26,MOYEN (Congestion)
2026-03-24 18:46:47,19.28,6.87,91,MAUVAIS (Saturation/NAT)
2026-03-24 18:46:53,107.65,3.86,999,MAUVAIS (Saturation/NAT)
2026-03-24 18:46:59,90.13,5.22,12,OPTIMAL (Direct)
2026-03-24 18:47:04,164.1,3.93,5,OPTIMAL (Direct)
2026-03-24 18:47:10,10.61,0.83,3,OPTIMAL (Direct)
2026-03-24 18:47:15,11.01,0.89,3,OPTIMAL (Direct)
2026-03-24 18:47:21,1.66,0.45,12,OPTIMAL (Direct)
2026-03-24 18:47:27,2.13,0.29,3,OPTIMAL (Direct)
2026-03-24 18:47:32,10.61,0.78,7,OPTIMAL (Direct)
2026-03-24 18:47:37,10.74,0.94,13,OPTIMAL (Direct)
2026-03-24 18:47:43,0.68,0.12,3,OPTIMAL (Direct)
2026-03-24 18:47:49,0.54,0.36,46,MOYEN (Congestion)
2026-03-24 18:47:55,10.75,0.84,64,MOYEN (Congestion)
2026-03-24 18:48:00,0.14,3.8,23,MOYEN (Congestion)
2026-03-24 18:48:06,5.21,12.15,12,OPTIMAL (Direct)
2026-03-24 18:48:11,11.07,4.67,7,OPTIMAL (Direct)
2026-03-24 18:48:17,11.86,3.79,31,MOYEN (Congestion)
2026-03-24 18:48:23,0.16,3.91,112,MAUVAIS (Saturation/NAT)
2026-03-24 18:48:28,34.11,6.69,15,OPTIMAL (Direct)
2026-03-24 18:48:34,80.79,53.51,58,MOYEN (Congestion)
2026-03-24 18:48:39,95.61,14.05,21,MOYEN (Congestion)
2026-03-24 18:48:45,18.21,23.9,203,MAUVAIS (Saturation/NAT)
2026-03-24 18:48:51,49.25,41.42,40,MOYEN (Congestion)
2026-03-24 18:48:57,36.64,12.87,104,MAUVAIS (Saturation/NAT)
2026-03-24 18:49:02,54.89,5.02,7,OPTIMAL (Direct)
2026-03-24 18:49:08,123.81,7.78,50,MOYEN (Congestion)
2026-03-24 18:49:14,81.93,2.09,5,OPTIMAL (Direct)
2026-03-24 18:49:19,92.65,8.73,26,MOYEN (Congestion)
2026-03-24 18:49:25,72.38,2.21,19,OPTIMAL (Direct)
2026-03-24 18:49:30,116.24,25.17,40,MOYEN (Congestion)
2026-03-24 18:49:36,88.63,9.68,43,MOYEN (Congestion)
2026-03-24 18:49:41,114.43,13.55,156,MAUVAIS (Saturation/NAT)
2026-03-24 18:49:47,73.07,42.22,245,MAUVAIS (Saturation/NAT)
2026-03-24 18:55:47,3.52,5.48,11,OPTIMAL (Direct)
2026-03-24 18:55:53,1.46,11.16,203,MAUVAIS (Saturation/NAT)
2026-03-24 18:55:58,18.71,12.4,69,MOYEN (Congestion)
2026-03-24 18:56:04,173.57,3.97,4,OPTIMAL (Direct)
2026-03-24 18:56:09,235.34,3.95,35,MOYEN (Congestion)
2026-03-24 18:56:15,137.79,2.11,3,OPTIMAL (Direct)
2026-03-24 18:56:21,144.95,20.46,999,MAUVAIS (Saturation/NAT)
2026-03-24 18:56:27,126.91,11.0,999,MAUVAIS (Saturation/NAT)
2026-03-24 18:56:33,42.08,10.79,152,MAUVAIS (Saturation/NAT)
2026-03-24 18:56:39,36.17,6.79,26,MOYEN (Congestion)
2026-03-24 18:56:45,67.42,9.13,68,MOYEN (Congestion)
2026-03-24 18:56:51,39.99,2.75,147,MAUVAIS (Saturation/NAT)
2026-03-24 18:56:56,80.1,5.45,34,MOYEN (Congestion)
2026-03-24 18:57:02,67.61,4.91,5,OPTIMAL (Direct)
2026-03-24 18:57:08,81.8,9.41,29,MOYEN (Congestion)
2026-03-24 18:57:13,132.5,10.27,13,OPTIMAL (Direct)
2026-03-24 18:57:18,65.4,14.79,18,OPTIMAL (Direct)
2026-03-24 18:57:24,58.27,2.69,11,OPTIMAL (Direct)
2026-03-24 18:57:30,107.1,6.67,15,OPTIMAL (Direct)
2026-03-24 18:57:36,85.64,5.49,14,OPTIMAL (Direct)
2026-03-24 18:57:41,56.43,4.65,19,OPTIMAL (Direct)
2026-03-24 18:57:47,75.35,5.33,45,MOYEN (Congestion)
2026-03-24 18:57:52,58.51,2.34,40,MOYEN (Congestion)
2026-03-24 18:57:58,12.01,2.93,66,MOYEN (Congestion)
2026-03-24 18:58:04,11.34,0.89,125,MAUVAIS (Saturation/NAT)
2026-03-24 18:58:10,10.61,0.78,15,OPTIMAL (Direct)
2026-03-24 18:58:15,10.68,2.04,26,MOYEN (Congestion)
2026-03-24 18:58:21,0.6,3.52,28,MOYEN (Congestion)
2026-03-24 18:58:26,0.14,1.56,18,OPTIMAL (Direct)
2026-03-24 18:58:32,15.02,5.81,7,OPTIMAL (Direct)
2026-03-24 18:58:38,11.13,5.02,69,MOYEN (Congestion)
2026-03-24 18:58:43,16.14,16.96,165,MAUVAIS (Saturation/NAT)
2026-03-24 18:58:49,28.97,26.29,91,MAUVAIS (Saturation/NAT)
2026-03-24 18:58:55,30.84,6.4,26,MOYEN (Congestion)
2026-03-24 18:59:01,64.94,8.69,57,MOYEN (Congestion)
2026-03-24 18:59:07,111.43,11.88,126,MAUVAIS (Saturation/NAT)
2026-03-24 18:59:13,121.28,4.91,52,MOYEN (Congestion)
2026-03-24 18:59:19,11.59,1.11,76,MOYEN (Congestion)
2026-03-24 18:59:25,3.82,9.31,153,MAUVAIS (Saturation/NAT)
2026-03-24 18:59:31,11.77,1.66,12,OPTIMAL (Direct)
2026-03-24 18:59:37,44.09,5.52,60,MOYEN (Congestion)
2026-03-24 18:59:43,10.22,12.3,53,MOYEN (Congestion)
2026-03-24 18:59:49,63.66,14.54,27,MOYEN (Congestion)
2026-03-24 18:59:54,77.97,4.52,10,OPTIMAL (Direct)
2026-03-24 19:00:00,38.21,26.18,12,OPTIMAL (Direct)
2026-03-24 19:00:06,77.5,33.91,34,MOYEN (Congestion)
2026-03-24 19:00:11,46.0,12.7,84,MAUVAIS (Saturation/NAT)
2026-03-24 19:00:17,123.01,12.93,12,OPTIMAL (Direct)
2026-03-24 19:00:23,7.89,7.98,154,MAUVAIS (Saturation/NAT)
2026-03-24 19:00:28,63.13,3.27,999,MAUVAIS (Saturation/NAT)
2026-03-24 19:00:34,85.79,15.37,60,MOYEN (Congestion)
2026-03-24 19:00:40,17.43,18.43,197,MAUVAIS (Saturation/NAT)
2026-03-24 19:00:46,18.32,11.9,88,MAUVAIS (Saturation/NAT)
2026-03-24 19:00:53,62.18,9.67,171,MAUVAIS (Saturation/NAT)
2026-03-24 19:00:59,37.05,2.48,26,MOYEN (Congestion)
2026-03-24 19:01:04,163.02,10.0,47,MOYEN (Congestion)
2026-03-24 19:01:10,60.12,6.02,25,MOYEN (Congestion)
2026-03-24 19:01:16,58.19,8.31,147,MAUVAIS (Saturation/NAT)
2026-03-24 19:01:22,142.1,14.54,20,MOYEN (Congestion)
2026-03-24 19:01:27,115.5,6.08,81,MAUVAIS (Saturation/NAT)
2026-03-24 19:01:33,92.96,11.03,71,MOYEN (Congestion)
2026-03-24 19:01:39,108.18,12.5,58,MOYEN (Congestion)
2026-03-24 19:01:44,41.7,26.78,999,MAUVAIS (Saturation/NAT)
2026-03-24 19:01:50,37.12,9.38,6,OPTIMAL (Direct)
2026-03-24 19:01:56,62.1,11.45,123,MAUVAIS (Saturation/NAT)
2026-03-24 19:02:01,189.51,9.62,24,MOYEN (Congestion)
2026-03-24 19:02:07,127.98,5.41,74,MOYEN (Congestion)
2026-03-24 19:02:13,12.1,33.17,79,MOYEN (Congestion)
2026-03-24 19:02:19,76.61,16.27,59,MOYEN (Congestion)
2026-03-24 19:02:25,45.91,12.51,999,MAUVAIS (Saturation/NAT)
2026-03-24 19:02:31,0.99,12.68,127,MAUVAIS (Saturation/NAT)
2026-03-24 19:02:36,61.36,6.42,47,MOYEN (Congestion)
2026-03-24 19:02:42,116.6,3.33,40,MOYEN (Congestion)
2026-03-24 19:02:47,85.33,6.99,49,MOYEN (Congestion)
2026-03-24 19:02:53,102.91,5.54,10,OPTIMAL (Direct)
2026-03-24 19:02:59,73.94,5.31,90,MAUVAIS (Saturation/NAT)
2026-03-24 19:03:04,56.93,10.14,13,OPTIMAL (Direct)
2026-03-24 19:03:10,46.27,18.32,315,MAUVAIS (Saturation/NAT)
2026-03-24 19:03:16,52.18,9.36,27,MOYEN (Congestion)
2026-03-24 19:03:21,120.35,14.61,18,OPTIMAL (Direct)
2026-03-24 19:03:27,54.07,9.62,18,OPTIMAL (Direct)
2026-03-24 19:03:33,2.86,5.68,7,OPTIMAL (Direct)
2026-03-24 19:03:38,87.18,3.73,11,OPTIMAL (Direct)
2026-03-24 19:03:44,10.99,2.37,20,MOYEN (Congestion)
2026-03-24 19:03:50,27.7,13.6,19,OPTIMAL (Direct)
2026-03-24 19:03:56,13.78,5.68,999,MAUVAIS (Saturation/NAT)
2026-03-24 19:04:01,65.66,3.7,40,MOYEN (Congestion)
2026-03-24 19:04:07,24.13,0.76,5,OPTIMAL (Direct)
2026-03-24 19:04:13,0.88,4.33,7,OPTIMAL (Direct)
2026-03-24 19:04:18,83.07,7.64,43,MOYEN (Congestion)
2026-03-24 19:04:23,49.29,5.84,18,OPTIMAL (Direct)
2026-03-24 19:04:30,16.92,14.75,16,OPTIMAL (Direct)
2026-03-24 19:04:36,0.14,2.45,11,OPTIMAL (Direct)
2026-03-24 19:04:42,0.06,5.73,999,MAUVAIS (Saturation/NAT)
2026-03-24 19:04:48,30.75,2.27,88,MAUVAIS (Saturation/NAT)
2026-03-24 19:04:53,6.64,15.65,54,MOYEN (Congestion)
2026-03-24 19:04:59,11.09,6.66,9,OPTIMAL (Direct)
2026-03-24 19:05:05,10.68,4.85,999,MAUVAIS (Saturation/NAT)
2026-03-24 19:05:11,12.06,7.54,54,MOYEN (Congestion)
2026-03-24 19:05:17,11.73,4.9,61,MOYEN (Congestion)
2026-03-24 19:05:22,10.68,3.95,999,MAUVAIS (Saturation/NAT)
2026-03-24 19:05:28,1.23,15.87,262,MAUVAIS (Saturation/NAT)
2026-03-24 19:05:34,1.73,16.18,999,MAUVAIS (Saturation/NAT)
2026-03-24 19:05:40,2.9,4.57,14,OPTIMAL (Direct)
2026-03-24 19:05:45,11.07,2.37,18,OPTIMAL (Direct)
2026-03-24 19:05:51,10.75,8.22,5,OPTIMAL (Direct)
2026-03-24 19:05:56,10.92,6.28,999,MAUVAIS (Saturation/NAT)
2026-03-24 19:06:02,8.65,13.55,5,OPTIMAL (Direct)
2026-03-24 19:06:08,107.49,4.1,7,OPTIMAL (Direct)
2026-03-24 19:06:13,120.71,4.89,32,MOYEN (Congestion)
2026-03-24 19:06:18,27.46,12.17,8,OPTIMAL (Direct)
2026-03-24 19:06:24,95.93,7.98,23,MOYEN (Congestion)
2026-03-24 19:06:30,6.19,4.48,3,OPTIMAL (Direct)
2026-03-24 19:06:36,36.6,12.77,999,MAUVAIS (Saturation/NAT)
2026-03-24 19:06:42,106.58,5.99,999,MAUVAIS (Saturation/NAT)
2026-03-24 19:06:48,73.68,11.04,14,OPTIMAL (Direct)
2026-03-24 19:06:54,70.62,7.06,23,MOYEN (Congestion)
2026-03-24 19:07:00,39.62,11.23,999,MAUVAIS (Saturation/NAT)
2026-03-24 19:07:06,8.49,6.74,7,OPTIMAL (Direct)
2026-03-24 19:07:12,65.42,11.88,20,MOYEN (Congestion)
2026-03-24 19:07:17,93.02,5.33,5,OPTIMAL (Direct)
2026-03-24 19:07:24,37.49,15.56,53,MOYEN (Congestion)
2026-03-24 19:07:30,63.33,22.41,21,MOYEN (Congestion)
2026-03-24 19:07:36,75.37,15.9,27,MOYEN (Congestion)
2026-03-24 19:07:42,77.95,38.12,7,OPTIMAL (Direct)
2026-03-24 19:07:47,52.98,17.23,76,MOYEN (Congestion)
2026-03-24 19:07:53,47.42,27.98,234,MAUVAIS (Saturation/NAT)
2026-03-24 19:07:59,43.64,9.39,115,MAUVAIS (Saturation/NAT)
2026-03-24 19:08:05,2.14,16.18,17,OPTIMAL (Direct)
2026-03-24 19:08:10,71.61,12.92,45,MOYEN (Congestion)
2026-03-24 19:08:17,99.81,6.61,15,OPTIMAL (Direct)
2026-03-24 19:08:22,63.47,22.97,17,OPTIMAL (Direct)
2026-03-24 19:08:28,53.52,10.35,999,MAUVAIS (Saturation/NAT)
2026-03-24 19:08:34,124.66,4.42,33,MOYEN (Congestion)
2026-03-24 19:08:39,203.02,7.5,73,MOYEN (Congestion)
2026-03-24 19:08:45,170.22,8.82,999,MAUVAIS (Saturation/NAT)
2026-03-24 19:08:51,222.88,11.62,22,MOYEN (Congestion)
2026-03-24 19:08:56,40.24,7.16,8,OPTIMAL (Direct)
2026-03-24 19:09:02,106.56,6.48,11,OPTIMAL (Direct)
2026-03-24 19:09:07,245.73,14.57,12,OPTIMAL (Direct)
2026-03-24 19:09:12,53.29,6.42,140,MAUVAIS (Saturation/NAT)
2026-03-24 19:09:18,99.28,5.2,74,MOYEN (Congestion)
2026-03-24 19:09:24,157.18,9.66,88,MAUVAIS (Saturation/NAT)
2026-03-24 19:09:30,132.97,8.73,22,MOYEN (Congestion)
2026-03-24 19:09:36,71.7,8.81,38,MOYEN (Congestion)
2026-03-24 19:09:42,12.49,10.48,17,OPTIMAL (Direct)
2026-03-24 19:09:47,1.79,10.82,112,MAUVAIS (Saturation/NAT)
2026-03-24 19:09:53,3.27,17.44,12,OPTIMAL (Direct)
2026-03-24 19:09:58,11.04,8.6,45,MOYEN (Congestion)
2026-03-24 19:10:04,10.68,2.92,108,MAUVAIS (Saturation/NAT)
2026-03-24 19:10:09,0.07,4.23,6,OPTIMAL (Direct)
2026-03-24 19:10:15,0.47,1.55,17,OPTIMAL (Direct)
2026-03-24 19:10:20,0.61,3.07,12,OPTIMAL (Direct)
2026-03-24 19:10:26,11.37,8.56,35,MOYEN (Congestion)
2026-03-24 19:10:32,11.6,2.45,26,MOYEN (Congestion)
2026-03-24 19:10:37,11.93,7.91,5,OPTIMAL (Direct)
2026-03-24 19:10:43,10.89,22.09,82,MAUVAIS (Saturation/NAT)
2026-03-24 19:10:49,2.11,11.06,76,MOYEN (Congestion)
2026-03-24 19:10:55,4.87,12.75,34,MOYEN (Congestion)
2026-03-24 19:11:00,34.79,22.15,999,MAUVAIS (Saturation/NAT)
2026-03-24 19:11:06,17.15,4.85,31,MOYEN (Congestion)
2026-03-24 19:11:11,9.52,1.2,12,OPTIMAL (Direct)
2026-03-24 19:11:17,0.07,0.28,6,OPTIMAL (Direct)
2026-03-24 19:11:22,0.07,0.12,5,OPTIMAL (Direct)
2026-03-24 19:11:28,15.81,5.54,63,MOYEN (Congestion)
2026-03-24 19:11:34,11.99,2.24,18,OPTIMAL (Direct)
2026-03-24 19:11:39,10.61,0.78,999,MAUVAIS (Saturation/NAT)
2026-03-24 19:11:45,0.14,0.13,10,OPTIMAL (Direct)
2026-03-24 19:11:50,3.07,1.17,18,OPTIMAL (Direct)
2026-03-24 19:11:56,11.3,4.66,6,OPTIMAL (Direct)
2026-03-24 19:12:01,115.04,4.39,20,MOYEN (Congestion)
2026-03-24 19:12:06,152.17,7.57,29,MOYEN (Congestion)
2026-03-24 19:12:12,0.33,0.29,14,OPTIMAL (Direct)
2026-03-24 19:12:18,1.49,4.43,13,OPTIMAL (Direct)
2026-03-24 19:12:24,1.8,0.47,5,OPTIMAL (Direct)
2026-03-24 19:12:29,15.04,5.78,999,MAUVAIS (Saturation/NAT)
2026-03-24 19:12:35,11.25,0.95,62,MOYEN (Congestion)
2026-03-24 19:12:41,12.78,4.91,13,OPTIMAL (Direct)
2026-03-24 19:12:47,10.68,0.9,21,MOYEN (Congestion)
2026-03-24 19:12:53,27.91,2.75,3,OPTIMAL (Direct)
2026-03-24 19:12:58,11.67,0.94,5,OPTIMAL (Direct)
2026-03-24 19:13:04,10.86,2.7,24,MOYEN (Congestion)
2026-03-24 19:13:10,0.22,0.29,34,MOYEN (Congestion)
2026-03-24 19:13:16,0.49,0.24,61,MOYEN (Congestion)
2026-03-24 19:13:22,0.57,1.75,5,OPTIMAL (Direct)
2026-03-24 19:13:28,6.71,11.51,36,MOYEN (Congestion)
2026-03-24 19:13:33,0.44,0.21,6,OPTIMAL (Direct)
2026-03-24 19:13:39,0.2,0.13,5,OPTIMAL (Direct)
2026-03-24 19:13:45,0.07,0.07,24,MOYEN (Congestion)
2026-03-24 19:13:51,9.81,4.58,10,OPTIMAL (Direct)
2026-03-24 19:13:56,11.02,0.91,999,MAUVAIS (Saturation/NAT)
2026-03-24 19:14:02,10.92,1.02,16,OPTIMAL (Direct)
2026-03-24 19:14:08,11.13,7.23,11,OPTIMAL (Direct)
2026-03-24 19:14:14,15.47,3.42,29,MOYEN (Congestion)
2026-03-24 19:14:19,12.69,6.35,3,OPTIMAL (Direct)
2026-03-24 19:14:25,3.75,1.72,22,MOYEN (Congestion)
2026-03-24 19:14:30,11.44,0.92,5,OPTIMAL (Direct)
2026-03-24 19:14:36,1.68,1.39,5,OPTIMAL (Direct)
2026-03-24 19:14:42,1.42,0.37,999,MAUVAIS (Saturation/NAT)
2026-03-24 19:14:47,11.8,0.34,999,MAUVAIS (Saturation/NAT)
2026-03-24 19:14:53,24.6,3.14,15,OPTIMAL (Direct)
2026-03-24 19:14:58,4.18,2.72,3,OPTIMAL (Direct)
2026-03-24 19:15:04,0.54,0.44,125,MAUVAIS (Saturation/NAT)
2026-03-24 19:15:10,0.2,0.18,5,OPTIMAL (Direct)
2026-03-24 19:15:15,4.82,2.78,22,MOYEN (Congestion)
2026-03-24 19:15:21,11.15,0.94,94,MAUVAIS (Saturation/NAT)
2026-03-24 19:15:27,10.71,2.09,64,MOYEN (Congestion)
2026-03-24 19:15:32,10.81,0.91,5,OPTIMAL (Direct)
2026-03-24 19:15:38,1.28,0.4,999,MAUVAIS (Saturation/NAT)
2026-03-24 19:15:43,10.95,2.69,13,OPTIMAL (Direct)
2026-03-24 19:15:49,11.13,0.78,38,MOYEN (Congestion)
2026-03-24 19:15:54,11.15,1.25,25,MOYEN (Congestion)
2026-03-24 19:16:00,0.54,2.09,9,OPTIMAL (Direct)
2026-03-24 19:16:05,10.61,0.34,10,OPTIMAL (Direct)
2026-03-24 19:16:11,10.9,1.09,17,OPTIMAL (Direct)
2026-03-24 19:16:17,11.08,4.11,173,MAUVAIS (Saturation/NAT)
2026-03-24 19:16:22,10.68,0.83,12,OPTIMAL (Direct)
2026-03-24 19:16:28,1.29,0.47,3,OPTIMAL (Direct)
2026-03-24 19:16:33,1.38,1.39,73,MOYEN (Congestion)
2026-03-24 19:16:39,12.92,1.11,7,OPTIMAL (Direct)
2026-03-24 19:16:44,10.95,2.15,6,OPTIMAL (Direct)
2026-03-24 19:16:50,3.46,3.32,6,OPTIMAL (Direct)
2026-03-24 19:16:56,4.01,0.82,5,OPTIMAL (Direct)
2026-03-24 19:17:01,10.68,1.54,6,OPTIMAL (Direct)
2026-03-24 19:17:07,11.93,1.14,3,OPTIMAL (Direct)
2026-03-24 19:17:12,0.4,0.25,4,OPTIMAL (Direct)
2026-03-24 19:17:18,11.69,1.48,19,OPTIMAL (Direct)
2026-03-24 19:17:24,0.8,1.1,3,OPTIMAL (Direct)
2026-03-24 19:17:29,190.61,5.78,4,OPTIMAL (Direct)
2026-03-24 19:17:35,11.56,4.17,73,MOYEN (Congestion)
2026-03-24 19:17:41,14.78,15.54,110,MAUVAIS (Saturation/NAT)
2026-03-24 19:17:47,121.05,13.37,92,MAUVAIS (Saturation/NAT)
2026-03-24 19:17:52,82.02,6.92,8,OPTIMAL (Direct)
2026-03-24 19:17:58,230.24,12.45,44,MOYEN (Congestion)
2026-03-24 19:18:04,194.57,5.74,8,OPTIMAL (Direct)
2026-03-24 19:18:10,72.32,9.31,6,OPTIMAL (Direct)
2026-03-24 19:18:16,16.15,6.29,82,MAUVAIS (Saturation/NAT)
2026-03-24 19:18:21,1.67,0.15,9,OPTIMAL (Direct)
2026-03-24 19:18:27,50.13,1.42,44,MOYEN (Congestion)
2026-03-24 19:18:33,75.31,6.98,12,OPTIMAL (Direct)
2026-03-24 19:18:38,165.94,3.43,999,MAUVAIS (Saturation/NAT)
2026-03-24 19:18:44,163.69,15.24,60,MOYEN (Congestion)
2026-03-24 19:18:50,98.14,7.02,40,MOYEN (Congestion)
2026-03-24 19:18:56,74.58,78.0,999,MAUVAIS (Saturation/NAT)
2026-03-24 19:19:02,46.77,14.18,92,MAUVAIS (Saturation/NAT)
2026-03-24 19:19:08,56.77,11.25,151,MAUVAIS (Saturation/NAT)
2026-03-24 19:19:14,70.54,10.32,24,MOYEN (Congestion)
2026-03-24 19:19:19,66.98,5.0,177,MAUVAIS (Saturation/NAT)
2026-03-24 19:19:25,0.07,1.56,210,MAUVAIS (Saturation/NAT)
2026-03-24 19:19:31,0.07,1.33,999,MAUVAIS (Saturation/NAT)
2026-03-24 19:19:37,75.6,15.21,255,MAUVAIS (Saturation/NAT)
2026-03-24 19:19:42,53.54,5.4,14,OPTIMAL (Direct)
2026-03-24 19:19:48,74.64,16.4,54,MOYEN (Congestion)
2026-03-24 19:19:54,19.88,3.97,14,OPTIMAL (Direct)
2026-03-24 19:19:59,47.93,2.1,4,OPTIMAL (Direct)
2026-03-24 19:20:05,66.5,3.07,5,OPTIMAL (Direct)
2026-03-24 19:20:11,36.43,1.6,10,OPTIMAL (Direct)
2026-03-24 19:20:17,1.11,2.31,8,OPTIMAL (Direct)
2026-03-24 19:20:22,12.81,1.04,22,MOYEN (Congestion)
2026-03-24 19:20:28,11.33,4.77,12,OPTIMAL (Direct)
2026-03-24 19:20:34,11.43,10.88,128,MAUVAIS (Saturation/NAT)
2026-03-24 19:20:40,11.49,2.15,36,MOYEN (Congestion)
2026-03-24 19:20:45,11.03,0.94,4,OPTIMAL (Direct)
2026-03-24 19:20:51,10.78,0.85,7,OPTIMAL (Direct)
2026-03-24 19:20:57,1.29,3.5,32,MOYEN (Congestion)
2026-03-24 19:21:02,10.61,3.2,3,OPTIMAL (Direct)
2026-03-24 19:21:08,11.52,10.8,126,MAUVAIS (Saturation/NAT)
2026-03-24 19:21:14,12.26,5.93,999,MAUVAIS (Saturation/NAT)
2026-03-24 19:21:20,10.69,3.57,10,OPTIMAL (Direct)
2026-03-24 19:21:25,1.22,7.92,12,OPTIMAL (Direct)
2026-03-24 19:21:31,1.44,6.43,25,MOYEN (Congestion)
2026-03-24 19:21:36,11.55,3.41,141,MAUVAIS (Saturation/NAT)
2026-03-24 19:21:42,10.84,22.91,190,MAUVAIS (Saturation/NAT)
2026-03-24 19:21:48,10.61,2.47,36,MOYEN (Congestion)
2026-03-24 19:21:53,6.27,15.1,37,MOYEN (Congestion)
2026-03-24 19:21:58,22.07,29.54,89,MAUVAIS (Saturation/NAT)
2026-03-24 19:22:03,12.02,6.87,999,MAUVAIS (Saturation/NAT)
2026-03-24 19:22:08,12.57,11.31,4,OPTIMAL (Direct)
2026-03-24 19:22:13,13.18,9.31,6,OPTIMAL (Direct)
2026-03-24 19:22:19,1.12,25.63,16,OPTIMAL (Direct)
2026-03-24 19:22:25,0.96,11.3,999,MAUVAIS (Saturation/NAT)
2026-03-24 19:22:31,0.84,1.19,7,OPTIMAL (Direct)
2026-03-24 19:22:36,37.03,17.58,37,MOYEN (Congestion)
2026-03-24 19:22:41,2.8,21.44,200,MAUVAIS (Saturation/NAT)
2026-03-24 19:22:47,3.58,7.6,25,MOYEN (Congestion)
2026-03-24 19:22:53,37.62,1.92,24,MOYEN (Congestion)
2026-03-24 19:22:59,2.4,24.21,32,MOYEN (Congestion)
2026-03-24 19:23:05,9.07,13.53,55,MOYEN (Congestion)
2026-03-24 19:23:10,12.1,18.74,999,MAUVAIS (Saturation/NAT)
2026-03-24 19:23:16,11.09,9.5,999,MAUVAIS (Saturation/NAT)
2026-03-24 19:23:22,97.68,19.01,37,MOYEN (Congestion)
2026-03-24 19:23:28,74.44,7.8,17,OPTIMAL (Direct)
2026-03-24 19:23:33,104.77,6.59,24,MOYEN (Congestion)
2026-03-24 19:23:39,55.84,9.01,100,MAUVAIS (Saturation/NAT)
2026-03-24 19:23:44,56.66,12.42,40,MOYEN (Congestion)
2026-03-24 19:23:50,57.11,21.98,108,MAUVAIS (Saturation/NAT)
2026-03-24 19:23:56,87.74,7.11,60,MOYEN (Congestion)
2026-03-24 19:24:02,61.93,9.46,71,MOYEN (Congestion)
2026-03-24 19:24:08,126.97,17.76,79,MOYEN (Congestion)
2026-03-24 19:24:14,110.4,9.68,15,OPTIMAL (Direct)
2026-03-24 19:24:19,106.36,52.71,25,MOYEN (Congestion)
2026-03-24 19:24:25,13.92,12.85,58,MOYEN (Congestion)
2026-03-24 19:24:31,50.04,16.04,46,MOYEN (Congestion)
2026-03-24 19:24:37,79.52,15.19,8,OPTIMAL (Direct)
2026-03-24 19:24:43,107.13,3.45,87,MAUVAIS (Saturation/NAT)
2026-03-24 19:24:48,112.76,9.13,9,OPTIMAL (Direct)
2026-03-24 19:24:54,47.43,6.24,20,MOYEN (Congestion)
2026-03-24 19:25:00,13.65,1.64,999,MAUVAIS (Saturation/NAT)
2026-03-24 19:25:06,11.12,3.18,275,MAUVAIS (Saturation/NAT)
2026-03-24 19:25:11,1.64,3.11,295,MAUVAIS (Saturation/NAT)
2026-03-24 19:25:17,4.79,11.44,391,MAUVAIS (Saturation/NAT)
2026-03-24 19:25:23,5.04,12.35,52,MOYEN (Congestion)
2026-03-24 19:25:28,46.07,7.06,9,OPTIMAL (Direct)
2026-03-24 19:25:34,32.77,5.49,8,OPTIMAL (Direct)
2026-03-24 19:25:39,59.84,13.63,18,OPTIMAL (Direct)
2026-03-24 19:25:45,19.61,6.52,999,MAUVAIS (Saturation/NAT)
2026-03-24 19:25:51,83.56,50.33,91,MAUVAIS (Saturation/NAT)
2026-03-24 19:25:57,35.31,15.38,999,MAUVAIS (Saturation/NAT)
2026-03-24 19:26:02,44.19,9.94,50,MOYEN (Congestion)
2026-03-24 19:26:08,68.41,5.49,17,OPTIMAL (Direct)
2026-03-24 19:26:14,82.88,3.34,10,OPTIMAL (Direct)
2026-03-24 19:26:19,63.04,7.39,79,MOYEN (Congestion)
2026-03-24 19:26:25,64.31,3.77,29,MOYEN (Congestion)
2026-03-24 19:26:31,142.02,5.61,27,MOYEN (Congestion)
2026-03-24 19:26:36,90.32,13.65,999,MAUVAIS (Saturation/NAT)
2026-03-24 19:26:42,235.87,4.02,6,OPTIMAL (Direct)
2026-03-24 19:26:48,72.71,4.82,999,MAUVAIS (Saturation/NAT)
2026-03-24 19:26:53,11.14,1.1,5,OPTIMAL (Direct)
2026-03-24 19:26:59,0.14,0.13,4,OPTIMAL (Direct)
2026-03-24 19:27:04,10.61,0.83,3,OPTIMAL (Direct)
2026-03-24 19:27:10,10.95,1.94,3,OPTIMAL (Direct)
2026-03-24 19:27:15,11.34,2.52,79,MOYEN (Congestion)
2026-03-24 19:27:21,11.37,21.11,3,OPTIMAL (Direct)
2026-03-24 19:27:27,0.26,5.85,3,OPTIMAL (Direct)
2026-03-24 19:27:32,0.07,0.07,23,MOYEN (Congestion)
2026-03-24 19:27:38,11.11,16.53,23,MOYEN (Congestion)
2026-03-24 19:27:44,13.01,25.59,74,MOYEN (Congestion)
2026-03-24 19:27:49,11.89,9.67,5,OPTIMAL (Direct)
2026-03-24 19:27:55,1.18,0.55,49,MOYEN (Congestion)
2026-03-24 19:28:00,1.22,6.15,3,OPTIMAL (Direct)
2026-03-24 19:28:06,11.18,15.1,77,MOYEN (Congestion)
2026-03-24 19:28:12,10.61,0.73,7,OPTIMAL (Direct)
2026-03-24 19:28:18,39.53,30.58,95,MAUVAIS (Saturation/NAT)
2026-03-24 19:28:24,13.19,7.2,32,MOYEN (Congestion)
2026-03-24 19:28:30,15.77,20.94,96,MAUVAIS (Saturation/NAT)
2026-03-24 19:28:36,75.44,3.53,58,MOYEN (Congestion)
2026-03-24 19:28:41,41.93,14.44,999,MAUVAIS (Saturation/NAT)
2026-03-24 19:28:47,50.37,20.52,19,OPTIMAL (Direct)
2026-03-24 19:28:53,27.31,31.52,34,MOYEN (Congestion)
2026-03-24 19:28:58,64.02,12.55,84,MAUVAIS (Saturation/NAT)
2026-03-24 19:29:04,47.92,4.13,13,OPTIMAL (Direct)
2026-03-24 19:29:10,182.61,4.94,38,MOYEN (Congestion)
2026-03-24 19:29:15,96.05,5.47,12,OPTIMAL (Direct)
2026-03-24 19:29:21,79.76,1.05,4,OPTIMAL (Direct)
2026-03-24 19:29:26,215.78,4.62,23,MOYEN (Congestion)
2026-03-24 19:29:32,143.61,7.31,8,OPTIMAL (Direct)
2026-03-24 19:29:38,53.68,3.87,90,MAUVAIS (Saturation/NAT)
2026-03-24 19:29:43,79.63,2.41,9,OPTIMAL (Direct)
2026-03-24 19:29:49,76.88,4.8,56,MOYEN (Congestion)
2026-03-24 19:29:55,203.17,14.39,41,MOYEN (Congestion)
2026-03-24 19:30:00,176.76,8.31,89,MAUVAIS (Saturation/NAT)
2026-03-24 19:30:06,219.26,5.89,9,OPTIMAL (Direct)
2026-03-24 19:30:12,104.24,50.94,40,MOYEN (Congestion)
2026-03-24 19:30:18,75.45,21.01,30,MOYEN (Congestion)
2026-03-24 19:30:24,60.61,3.29,185,MAUVAIS (Saturation/NAT)
2026-03-24 19:30:30,35.73,20.06,113,MAUVAIS (Saturation/NAT)
2026-03-24 19:30:35,50.8,12.71,67,MOYEN (Congestion)
2026-03-24 19:30:41,36.48,5.26,45,MOYEN (Congestion)
2026-03-24 19:30:47,40.12,16.57,4,OPTIMAL (Direct)
2026-03-24 19:30:52,53.23,12.02,47,MOYEN (Congestion)
2026-03-24 19:30:58,168.6,7.73,69,MOYEN (Congestion)
2026-03-24 19:31:05,17.25,3.16,17,OPTIMAL (Direct)
2026-03-24 19:31:10,2.87,0.54,5,OPTIMAL (Direct)
2026-03-24 19:31:16,11.81,4.63,94,MAUVAIS (Saturation/NAT)
2026-03-24 19:31:21,10.68,0.78,10,OPTIMAL (Direct)
2026-03-24 19:31:26,0.41,0.07,6,OPTIMAL (Direct)
2026-03-24 19:31:32,10.95,0.78,8,OPTIMAL (Direct)
2026-03-24 19:31:38,11.25,0.68,7,OPTIMAL (Direct)
2026-03-24 19:31:43,10.75,0.78,4,OPTIMAL (Direct)
2026-03-24 19:31:49,17.37,2.19,36,MOYEN (Congestion)
2026-03-24 19:31:54,27.24,7.96,5,OPTIMAL (Direct)
2026-03-24 19:32:00,10.61,0.73,3,OPTIMAL (Direct)
2026-03-24 19:32:06,11.21,0.89,4,OPTIMAL (Direct)
2026-03-24 19:32:11,10.61,0.83,15,OPTIMAL (Direct)
2026-03-24 19:32:17,0.84,0.14,9,OPTIMAL (Direct)
2026-03-24 19:32:23,0.41,0.07,12,OPTIMAL (Direct)
2026-03-24 19:32:28,10.8,0.93,15,OPTIMAL (Direct)
2026-03-24 19:32:34,15.4,7.88,999,MAUVAIS (Saturation/NAT)
2026-03-24 19:32:39,13.65,1.37,7,OPTIMAL (Direct)
2026-03-24 19:32:45,0.68,5.46,30,MOYEN (Congestion)
2026-03-24 19:32:51,59.11,26.49,150,MAUVAIS (Saturation/NAT)
2026-03-24 19:32:56,53.6,25.48,46,MOYEN (Congestion)
2026-03-24 19:33:02,108.07,12.17,48,MOYEN (Congestion)
2026-03-24 19:33:08,29.09,8.06,28,MOYEN (Congestion)
2026-03-24 19:33:13,126.57,11.22,34,MOYEN (Congestion)
2026-03-24 19:33:19,269.42,12.23,13,OPTIMAL (Direct)
2026-03-24 19:33:24,141.11,16.71,999,MAUVAIS (Saturation/NAT)
2026-03-24 19:33:30,261.09,4.44,3,OPTIMAL (Direct)
2026-03-24 19:33:35,153.51,4.82,6,OPTIMAL (Direct)
2026-03-24 19:33:41,168.79,6.34,69,MOYEN (Congestion)
2026-03-24 19:33:46,208.59,3.24,44,MOYEN (Congestion)
2026-03-24 19:33:52,80.39,4.67,15,OPTIMAL (Direct)
2026-03-24 19:33:58,184.11,14.09,87,MAUVAIS (Saturation/NAT)
2026-03-24 19:34:04,163.91,7.21,36,MOYEN (Congestion)
2026-03-24 19:34:09,150.34,15.45,64,MOYEN (Congestion)
2026-03-24 19:34:15,22.97,37.38,73,MOYEN (Congestion)
2026-03-24 19:34:21,70.16,19.35,47,MOYEN (Congestion)
2026-03-24 19:34:27,1.56,18.24,95,MAUVAIS (Saturation/NAT)
2026-03-24 19:34:33,104.07,13.94,15,OPTIMAL (Direct)
2026-03-24 19:34:38,86.04,10.64,28,MOYEN (Congestion)
2026-03-24 19:34:45,53.55,8.63,15,OPTIMAL (Direct)
2026-03-24 19:34:50,149.51,11.08,20,MOYEN (Congestion)
2026-03-24 19:34:56,14.36,11.84,7,OPTIMAL (Direct)
2026-03-24 19:35:01,11.02,0.89,4,OPTIMAL (Direct)
2026-03-24 19:35:08,14.94,10.01,25,MOYEN (Congestion)
2026-03-24 19:35:13,0.28,8.15,62,MOYEN (Congestion)
2026-03-24 19:35:18,12.2,26.53,171,MAUVAIS (Saturation/NAT)
2026-03-24 19:35:24,12.06,7.23,3,OPTIMAL (Direct)
2026-03-24 19:35:29,5.09,16.42,58,MOYEN (Congestion)
2026-03-24 19:35:35,0.79,11.45,9,OPTIMAL (Direct)
2026-03-24 19:35:40,1.09,7.69,3,OPTIMAL (Direct)
2026-03-24 19:35:46,11.64,14.88,14,OPTIMAL (Direct)
2026-03-24 19:35:51,1.18,0.56,5,OPTIMAL (Direct)
2026-03-24 19:35:57,0.47,1.68,4,OPTIMAL (Direct)
2026-03-24 19:36:03,3.4,0.24,7,OPTIMAL (Direct)
2026-03-24 19:36:09,0.64,5.8,3,OPTIMAL (Direct)
2026-03-24 19:36:14,8.98,8.22,4,OPTIMAL (Direct)
2026-03-24 19:36:20,16.45,4.15,999,MAUVAIS (Saturation/NAT)
2026-03-24 19:36:26,10.61,2.49,96,MAUVAIS (Saturation/NAT)
2026-03-24 19:36:31,10.95,0.83,25,MOYEN (Congestion)
2026-03-24 19:36:37,11.05,2.44,50,MOYEN (Congestion)
2026-03-24 19:36:43,1.93,30.48,31,MOYEN (Congestion)
2026-03-24 19:36:49,4.87,20.82,16,OPTIMAL (Direct)
2026-03-24 19:37:02,15.85,7.37,7,517.56,CRITIQUE (Saturation/Pluie)
2026-03-24 19:37:08,20.0,8.17,43,445.14,CRITIQUE (Saturation/Pluie)
2026-03-24 19:37:14,11.93,11.44,32,457.0,CRITIQUE (Saturation/Pluie)
2026-03-24 19:37:20,109.17,8.39,9,421.99,CRITIQUE (Saturation/Pluie)
2026-03-24 19:37:26,87.87,17.97,21,351.23,CRITIQUE (Saturation/Pluie)
2026-03-24 19:37:32,16.8,14.36,37,354.81,CRITIQUE (Saturation/Pluie)
2026-03-24 19:37:38,61.33,4.0,145,219.18,CRITIQUE (Saturation/Pluie)
2026-03-24 19:37:43,148.12,15.58,80,218.99,CRITIQUE (Saturation/Pluie)
2026-03-24 19:37:49,125.02,5.83,90,217.55,CRITIQUE (Saturation/Pluie)
2026-03-24 19:37:55,54.26,12.19,81,56.96,CONGESTION (Dépriorisation)
2026-03-24 19:38:00,94.49,9.24,20,294.33,CRITIQUE (Saturation/Pluie)
2026-03-24 19:38:05,139.95,16.33,28,348.63,CRITIQUE (Saturation/Pluie)
2026-03-24 19:38:11,84.37,13.08,5,354.13,CRITIQUE (Saturation/Pluie)
2026-03-24 19:38:17,10.68,7.37,10,400.09,CRITIQUE (Saturation/Pluie)
2026-03-24 19:38:22,151.88,7.4,15,399.78,CRITIQUE (Saturation/Pluie)
2026-03-24 19:38:28,143.51,8.43,14,400.89,CRITIQUE (Saturation/Pluie)
2026-03-24 19:38:34,89.27,8.36,232,393.45,CRITIQUE (Saturation/Pluie)
2026-03-24 19:38:40,11.19,0.94,999,417.86,CRITIQUE (Saturation/Pluie)
2026-03-24 19:38:46,124.87,14.27,95,346.23,CRITIQUE (Saturation/Pluie)
2026-03-24 19:38:52,12.23,2.55,200,289.89,CRITIQUE (Saturation/Pluie)
2026-03-24 19:38:57,12.42,5.34,27,293.53,CRITIQUE (Saturation/Pluie)
2026-03-24 19:39:03,8.31,6.54,7,55.18,CONGESTION (Dépriorisation)
2026-03-24 19:39:09,245.44,4.8,16,217.88,CRITIQUE (Saturation/Pluie)
2026-03-24 19:39:14,11.16,3.82,5,218.28,CRITIQUE (Saturation/Pluie)
2026-03-24 19:39:20,13.0,4.18,6,217.96,CRITIQUE (Saturation/Pluie)
2026-03-24 19:39:26,77.23,5.02,25,296.07,CRITIQUE (Saturation/Pluie)
2026-03-24 19:39:31,221.77,8.28,9,297.97,CRITIQUE (Saturation/Pluie)
2026-03-24 19:39:37,143.39,7.04,29,298.12,CRITIQUE (Saturation/Pluie)
2026-03-24 19:39:42,98.54,13.71,25,297.82,CRITIQUE (Saturation/Pluie)
2026-03-24 19:39:47,231.89,10.64,61,297.03,CRITIQUE (Saturation/Pluie)
2026-03-24 19:39:53,50.61,3.46,45,297.08,CRITIQUE (Saturation/Pluie)
2026-03-24 19:39:59,13.19,24.66,999,351.51,CRITIQUE (Saturation/Pluie)
2026-03-24 19:40:05,2.26,3.08,14,422.98,CRITIQUE (Saturation/Pluie)
2026-03-24 19:40:11,63.23,12.62,49,393.45,CRITIQUE (Saturation/Pluie)
2026-03-24 19:40:16,10.24,15.78,20,392.72,CRITIQUE (Saturation/Pluie)
2026-03-24 19:40:22,103.13,5.6,16,352.27,CRITIQUE (Saturation/Pluie)
2026-03-24 19:40:28,13.83,8.1,112,218.25,CRITIQUE (Saturation/Pluie)
2026-03-24 19:40:33,11.54,5.88,26,218.99,CRITIQUE (Saturation/Pluie)
2026-03-24 19:40:39,0.07,1.44,26,28.49,STABLE (Normal)
2026-03-24 19:40:44,0.77,5.54,5,32.26,STABLE (Normal)
2026-03-24 19:40:50,18.84,9.73,10,27.32,STABLE (Normal)
2026-03-24 19:40:55,11.38,2.53,20,22.89,STABLE (Normal)
2026-03-24 19:41:01,0.27,2.94,91,27.32,STABLE (Normal)
2026-03-24 19:41:07,10.94,8.73,115,32.38,CONGESTION (Dépriorisation)
2026-03-24 19:41:13,5.41,4.74,51,36.46,STABLE (Normal)
2026-03-24 19:41:19,8.87,6.73,999,295.91,CRITIQUE (Saturation/Pluie)
2026-03-24 19:41:25,2.06,16.66,311,348.57,CRITIQUE (Saturation/Pluie)
2026-03-24 19:41:31,1.66,23.63,224,383.13,CRITIQUE (Saturation/Pluie)
2026-03-24 19:41:37,2.27,20.11,94,432.77,CRITIQUE (Saturation/Pluie)
2026-03-24 19:41:43,0.63,14.02,999,411.11,CRITIQUE (Saturation/Pluie)
2026-03-24 19:41:49,0.07,3.02,999,406.85,CRITIQUE (Saturation/Pluie)
2026-03-24 19:41:55,3.16,7.72,21,414.57,CRITIQUE (Saturation/Pluie)
2026-03-24 19:42:01,3.43,9.78,42,385.95,CRITIQUE (Saturation/Pluie)
2026-03-24 19:42:07,0.64,13.87,99,413.6,CRITIQUE (Saturation/Pluie)
2026-03-24 19:42:13,1.45,13.52,152,436.08,CRITIQUE (Saturation/Pluie)
2026-03-24 19:42:19,3.21,1.13,4,434.26,CRITIQUE (Saturation/Pluie)
2026-03-24 19:42:25,13.49,16.7,166,430.88,CRITIQUE (Saturation/Pluie)
2026-03-24 19:42:30,18.03,12.95,999,423.88,CRITIQUE (Saturation/Pluie)
2026-03-24 19:42:36,16.86,30.47,113,439.66,CRITIQUE (Saturation/Pluie)
2026-03-24 19:42:43,16.46,13.18,146,427.52,CRITIQUE (Saturation/Pluie)
2026-03-24 19:43:01,15.48,12.01,46,472.71,CRITIQUE (Saturation)
2026-03-24 19:43:06,2.11,3.26,999,490.35,CRITIQUE (Saturation)
2026-03-24 19:43:12,2.62,4.27,119,444.94,CRITIQUE (Saturation)
2026-03-24 19:43:17,25.08,13.44,999,450.59,CRITIQUE (Saturation)
2026-03-24 19:43:23,14.58,4.3,50,422.78,CRITIQUE (Saturation)
2026-03-24 19:43:29,11.47,11.66,999,432.53,CRITIQUE (Saturation)
2026-03-24 19:43:34,0.56,6.1,999,426.66,CRITIQUE (Saturation)
2026-03-24 19:43:40,13.4,4.59,999,435.32,CRITIQUE (Saturation)
2026-03-24 19:43:46,3.25,5.09,85,424.75,CRITIQUE (Saturation)
2026-03-24 19:43:52,23.45,6.95,999,447.54,CRITIQUE (Saturation)
2026-03-24 19:43:58,16.49,4.14,109,435.76,CRITIQUE (Saturation)
2026-03-24 19:44:04,11.25,6.65,999,410.26,CRITIQUE (Saturation)
2026-03-24 19:44:10,13.48,9.95,999,434.18,CRITIQUE (Saturation)
2026-03-24 19:44:15,0.66,1.99,999,437.93,CRITIQUE (Saturation)
2026-03-24 19:44:21,0.96,11.1,20,418.46,CRITIQUE (Saturation)
2026-03-24 19:44:27,0.07,7.28,66,442.2,CRITIQUE (Saturation)
2026-03-24 19:44:32,10.87,11.47,58,451.63,CRITIQUE (Saturation)
2026-03-24 19:44:38,11.97,8.63,13,445.75,CRITIQUE (Saturation)
2026-03-24 19:44:44,18.34,9.83,64,433.14,CRITIQUE (Saturation)
2026-03-24 19:44:50,11.4,9.94,80,375.84,CRITIQUE (Saturation)
2026-03-24 19:44:56,19.51,7.71,187,209.31,CRITIQUE (Saturation)
2026-03-24 19:45:01,11.31,6.42,20,335.71,CRITIQUE (Saturation)
2026-03-24 19:45:07,13.24,14.83,193,279.79,CRITIQUE (Saturation)
2026-03-24 19:45:13,10.77,8.87,59,372.09,CRITIQUE (Saturation)
2026-03-24 19:45:19,11.47,16.98,109,428.18,CRITIQUE (Saturation)
2026-03-24 19:45:26,29.85,6.35,999,445.29,CRITIQUE (Saturation)
2026-03-24 19:45:32,12.76,4.21,204,456.57,CRITIQUE (Saturation)
2026-03-24 19:45:37,1.07,3.1,999,435.12,CRITIQUE (Saturation)
2026-03-24 19:45:44,15.26,9.66,999,424.72,CRITIQUE (Saturation)
2026-03-24 19:45:50,2.57,15.18,119,381.66,CRITIQUE (Saturation)
2026-03-24 19:45:55,0.69,3.57,109,355.63,CRITIQUE (Saturation)
2026-03-24 19:46:01,1.42,0.25,57,372.97,CRITIQUE (Saturation)
2026-03-24 19:46:06,13.39,1.07,20,345.18,CRITIQUE (Saturation)
2026-03-24 19:46:12,24.19,9.08,48,350.35,CRITIQUE (Saturation)
2026-03-24 19:46:18,21.14,4.47,86,348.98,CRITIQUE (Saturation)
2026-03-24 19:46:24,1.29,2.93,58,293.07,CRITIQUE (Saturation)
2026-03-24 19:46:29,16.72,3.78,999,290.36,CRITIQUE (Saturation)
2026-03-24 19:46:35,96.59,7.85,46,292.3,CRITIQUE (Saturation)
2026-03-24 19:46:41,263.35,3.87,39,216.91,CRITIQUE (Saturation)
2026-03-24 19:46:47,47.93,7.04,39,294.85,CRITIQUE (Saturation)
2026-03-24 19:46:52,101.25,16.07,153,348.82,CRITIQUE (Saturation)
2026-03-24 19:46:57,2.12,19.96,999,346.42,CRITIQUE (Saturation)
2026-03-24 19:47:03,24.43,21.69,62,341.94,CRITIQUE (Saturation)
2026-03-24 19:47:09,15.78,5.0,37,406.25,CRITIQUE (Saturation)
2026-03-24 19:47:14,57.24,13.38,198,399.41,CRITIQUE (Saturation)
2026-03-24 19:47:20,30.89,15.7,999,401.78,CRITIQUE (Saturation)
2026-03-24 19:47:26,16.24,13.61,999,440.54,CRITIQUE (Saturation)
2026-03-24 19:47:32,55.38,21.58,181,419.08,CRITIQUE (Saturation)
2026-03-24 19:47:37,44.84,40.23,999,432.49,CRITIQUE (Saturation)
2026-03-24 19:47:43,15.1,19.59,999,443.43,CRITIQUE (Saturation)
2026-03-24 19:47:48,31.32,37.0,154,433.35,CRITIQUE (Saturation)
2026-03-24 19:47:53,55.03,20.1,121,408.93,CRITIQUE (Saturation)
2026-03-24 19:47:59,51.46,6.54,209,392.59,CRITIQUE (Saturation)
2026-03-24 19:48:05,4.31,12.55,160,331.66,CRITIQUE (Saturation)
2026-03-24 19:48:10,24.35,24.05,38,371.52,CRITIQUE (Saturation)
2026-03-24 19:48:16,11.27,7.03,999,377.68,CRITIQUE (Saturation)
2026-03-24 19:48:21,0.29,13.79,999,408.92,CRITIQUE (Saturation)
2026-03-24 19:48:27,10.54,11.44,999,468.93,CRITIQUE (Saturation)
2026-03-24 19:48:33,13.83,19.39,279,463.34,CRITIQUE (Saturation)
2026-03-24 19:48:38,11.14,8.78,351,454.0,CRITIQUE (Saturation)
2026-03-24 19:48:44,21.23,14.74,999,426.25,CRITIQUE (Saturation)
2026-03-24 19:48:50,51.83,15.26,6,451.72,CRITIQUE (Saturation)
2026-03-24 19:48:55,36.36,18.24,999,417.48,CRITIQUE (Saturation)
2026-03-24 19:49:01,52.19,17.1,45,374.43,CRITIQUE (Saturation)
2026-03-24 19:49:07,0.97,13.38,100,381.35,CRITIQUE (Saturation)
2026-03-24 19:49:13,2.29,24.74,56,345.92,CRITIQUE (Saturation)
2026-03-24 19:49:19,3.19,20.33,13,295.87,CRITIQUE (Saturation)
2026-03-24 19:49:25,2.11,1.96,152,343.25,CRITIQUE (Saturation)
2026-03-24 19:49:30,11.95,19.15,999,339.44,CRITIQUE (Saturation)
2026-03-24 19:49:36,11.82,16.19,155,396.89,CRITIQUE (Saturation)
2026-03-24 19:49:42,122.36,9.21,10,402.68,CRITIQUE (Saturation)
2026-03-24 19:49:47,84.57,3.29,149,336.62,CRITIQUE (Saturation)
2026-03-24 19:49:54,28.17,11.73,999,410.52,CRITIQUE (Saturation)
2026-03-24 19:49:59,21.79,4.09,22,381.14,CRITIQUE (Saturation)
2026-03-24 19:50:05,111.51,7.23,29,385.63,CRITIQUE (Saturation)
2026-03-24 19:50:11,83.39,12.99,235,413.36,CRITIQUE (Saturation)
2026-03-24 19:50:17,117.01,9.68,99,438.36,CRITIQUE (Saturation)
2026-03-24 19:50:23,99.24,6.19,999,418.75,CRITIQUE (Saturation)
2026-03-24 19:50:29,18.33,14.29,115,416.49,CRITIQUE (Saturation)
2026-03-24 19:50:35,67.09,4.59,9,417.92,CRITIQUE (Saturation)
2026-03-24 19:50:41,0.34,6.11,999,392.35,CRITIQUE (Saturation)
2026-03-24 19:50:47,0.95,13.03,165,386.41,CRITIQUE (Saturation)
2026-03-24 19:50:52,11.09,2.52,999,384.81,CRITIQUE (Saturation)
2026-03-24 19:50:58,14.74,9.28,999,414.24,CRITIQUE (Saturation)
2026-03-24 19:51:04,54.4,10.45,15,446.88,CRITIQUE (Saturation)
2026-03-24 19:51:10,11.52,18.18,291,457.81,CRITIQUE (Saturation)
2026-03-24 19:51:16,15.33,10.81,999,468.69,CRITIQUE (Saturation)
2026-03-24 19:51:22,12.33,13.46,8,468.94,CRITIQUE (Saturation)
2026-03-24 19:51:27,6.84,5.11,999,464.3,CRITIQUE (Saturation)
2026-03-24 19:51:33,14.32,26.91,104,444.9,CRITIQUE (Saturation)
2026-03-24 19:51:39,0.55,15.89,108,425.26,CRITIQUE (Saturation)
2026-03-24 19:51:45,2.14,17.89,102,423.46,CRITIQUE (Saturation)
2026-03-24 19:51:51,56.45,5.18,113,421.9,CRITIQUE (Saturation)
2026-03-24 19:51:56,98.94,4.45,999,422.05,CRITIQUE (Saturation)
2026-03-24 19:52:01,186.8,8.04,9,375.43,CRITIQUE (Saturation)
2026-03-24 19:52:07,50.83,5.75,25,379.03,CRITIQUE (Saturation)
2026-03-24 19:52:13,19.84,8.63,8,291.17,CRITIQUE (Saturation)
2026-03-24 19:52:19,117.89,12.48,11,295.17,CRITIQUE (Saturation)
2026-03-24 19:52:25,186.02,4.27,18,218.8,CRITIQUE (Saturation)
2026-03-24 19:52:30,12.09,7.97,129,54.84,CONGESTION (Dépriorisation)
2026-03-24 19:52:36,18.21,1.75,16,216.47,CRITIQUE (Saturation)
2026-03-24 19:52:42,22.17,2.68,62,215.13,CRITIQUE (Saturation)
2026-03-24 19:52:48,10.82,2.29,158,287.88,CRITIQUE (Saturation)
2026-03-24 19:52:53,71.37,4.3,32,341.0,CRITIQUE (Saturation)
2026-03-24 19:52:59,155.01,19.69,23,384.07,CRITIQUE (Saturation)
2026-03-24 19:53:05,13.41,5.32,6,390.5,CRITIQUE (Saturation)
2026-03-24 19:53:11,68.8,9.41,25,397.11,CRITIQUE (Saturation)
2026-03-24 19:53:16,23.29,10.52,33,354.74,CRITIQUE (Saturation)
2026-03-24 19:53:22,57.27,17.39,73,298.02,CRITIQUE (Saturation)
2026-03-24 19:53:27,39.74,6.51,31,351.73,CRITIQUE (Saturation)
2026-03-24 19:53:33,82.81,9.61,11,298.07,CRITIQUE (Saturation)
2026-03-24 19:53:38,32.94,7.05,11,299.38,CRITIQUE (Saturation)
2026-03-24 19:53:44,13.34,6.79,10,349.05,CRITIQUE (Saturation)
2026-03-24 19:53:50,11.09,0.65,115,390.74,CRITIQUE (Saturation)
2026-03-24 19:53:56,25.69,9.04,17,415.77,CRITIQUE (Saturation)
2026-03-24 19:54:02,24.32,10.7,18,464.01,CRITIQUE (Saturation)
2026-03-24 19:54:08,18.68,11.79,36,439.69,CRITIQUE (Saturation)
2026-03-24 19:54:14,59.75,8.68,56,382.18,CRITIQUE (Saturation)
2026-03-24 19:54:20,110.97,9.36,51,342.25,CRITIQUE (Saturation)
2026-03-24 19:54:25,92.05,18.73,27,210.99,CRITIQUE (Saturation)
2026-03-24 19:54:31,60.6,6.12,30,211.97,CRITIQUE (Saturation)
2026-03-24 19:54:37,12.6,45.64,40,215.61,CRITIQUE (Saturation)
2026-03-24 19:54:43,79.18,53.22,49,216.15,CRITIQUE (Saturation)
2026-03-24 19:55:00,18.46,13.93,278,400.6,CRITIQUE (Saturation)
2026-03-24 19:55:06,86.25,23.14,147,428.97,CRITIQUE (Saturation)
2026-03-24 19:55:11,88.42,36.19,21,378.09,CRITIQUE (Saturation)
2026-03-24 19:55:17,39.73,13.18,69,380.06,CRITIQUE (Saturation)
2026-03-24 19:55:23,71.52,16.1,20,346.71,CRITIQUE (Saturation)
2026-03-24 19:55:29,64.08,6.25,5,219.06,CRITIQUE (Saturation)
2026-03-24 19:55:34,1.15,6.35,86,294.68,CRITIQUE (Saturation)
2026-03-24 19:55:40,11.92,7.26,5,297.42,CRITIQUE (Saturation)
2026-03-24 19:55:46,10.84,0.96,24,298.94,CRITIQUE (Saturation)
2026-03-24 19:55:52,11.12,4.9,219,384.95,CRITIQUE (Saturation)
2026-03-24 19:55:57,37.22,7.38,999,439.75,CRITIQUE (Saturation)
2026-03-24 19:56:02,29.97,18.07,999,428.5,CRITIQUE (Saturation)
2026-03-24 19:56:08,177.86,8.51,24,432.68,CRITIQUE (Saturation)
2026-03-24 19:56:14,63.53,2.26,49,427.85,CRITIQUE (Saturation)
2026-03-24 19:56:20,119.22,11.67,35,378.35,CRITIQUE (Saturation)
2026-03-24 19:56:26,161.87,6.4,30,291.94,CRITIQUE (Saturation)
2026-03-24 19:56:31,216.79,10.17,13,47.89,CONGESTION (Dépriorisation)
2026-03-24 19:56:36,65.46,20.49,52,216.94,CRITIQUE (Saturation)
2026-03-24 19:56:42,96.91,10.04,8,294.92,CRITIQUE (Saturation)
2026-03-24 19:56:48,12.36,23.92,999,388.74,CRITIQUE (Saturation)
2026-03-24 19:56:54,65.97,10.34,71,383.74,CRITIQUE (Saturation)
2026-03-24 19:57:00,30.79,10.29,50,343.22,CRITIQUE (Saturation)
2026-03-24 19:57:06,61.35,19.04,999,346.0,CRITIQUE (Saturation)
2026-03-24 19:57:12,123.92,3.26,6,294.97,CRITIQUE (Saturation)
2026-03-24 19:57:18,101.24,7.29,999,353.65,CRITIQUE (Saturation)
2026-03-24 19:57:23,109.25,8.27,47,395.47,CRITIQUE (Saturation)
2026-03-24 19:57:29,103.81,23.23,62,395.52,CRITIQUE (Saturation)
